insight_id,type,indicator,entity,period,value,prev_value,change_pct,metric,severity,explanation
INS-0013,trend,anc_coverage,Ahmedabad,2026-08-01,69.0,85.0,-18.82,-18.8%,Low,"Anc Coverage in Ahmedabad dropped by 18.8% compared to the previous month, exceeding the 10.0% significant-change threshold."
INS-0014,trend,high_risk_cases,Ahmedabad,2026-08-01,13.0,10.0,30.0,30.0%,High,"High Risk Cases in Ahmedabad increased by 30.0% compared to the previous month, exceeding the 10.0% significant-change threshold."
INS-0015,trend,high_risk_cases,Bhavnagar,2026-08-01,15.0,17.0,-11.76,-11.8%,Low,"High Risk Cases in Bhavnagar dropped by 11.8% compared to the previous month, exceeding the 10.0% significant-change threshold."
INS-0016,trend,anc_coverage,Mehsana,2026-08-01,42.0,84.0,-50.0,-50.0%,High,"Anc Coverage in Mehsana dropped by 50.0% compared to the previous month, exceeding the 10.0% significant-change threshold."
INS-0017,trend,high_risk_cases,Mehsana,2026-08-01,28.0,11.0,154.55,154.6%,High,"High Risk Cases in Mehsana increased by 154.6% compared to the previous month, exceeding the 10.0% significant-change threshold."
INS-0018,trend,high_risk_cases,Vadodara,2026-08-01,6.0,7.0,-14.29,-14.3%,Low,"High Risk Cases in Vadodara dropped by 14.3% compared to the previous month, exceeding the 10.0% significant-change threshold."
INS-0019,outlier,anc_coverage,Ahmedabad,2026-08-01,69.0,,,-11.9% from mean,Low,"Ahmedabad's Anc Coverage of 69 is 11.9% below the state mean (78.3), flagged as an outlier (below the lower bound by 0.9 units)."
INS-0020,outlier,anc_coverage,Mehsana,2026-08-01,42.0,,,-46.4% from mean,High,"Mehsana's Anc Coverage of 42 is 46.4% below the state mean (78.3), flagged as an outlier (below the lower bound by 27.9 units)."
INS-0021,outlier,immunization,Vadodara,2026-08-01,97.0,,,5.9% from mean,Low,"Vadodara's Immunization of 97 is 5.9% above the state mean (91.6), flagged as an outlier (above the upper bound by 1.0 units)."
INS-0022,outlier,high_risk_cases,Mehsana,2026-08-01,28.0,,,108.7% from mean,Low,"Mehsana's High Risk Cases of 28 is 108.7% above the state mean (13.4), flagged as an outlier (above the upper bound by 6.6 units)."
INS-0023,correlation,anc_coverage:high_risk_cases,State-wide,2026-08-01,-0.9335,,,r=-0.933,High,"A very strong negative correlation (r=-0.933) detected between Anc Coverage and High Risk Cases: when Anc Coverage increases, High Risk Cases tends to decrease. This relationship is statistically significant (p=0.0000)."
INS-0024,correlation,institutional_delivery:immunization,State-wide,2026-08-01,0.9786,,,r=0.979,High,"A very strong positive correlation (r=0.979) detected between Institutional Delivery and Immunization: when Institutional Delivery increases, Immunization also tends to increase. This relationship is statistically significant (p=0.0000)."
